Author,Comment,Likes,Published At
@user-hg9og5he9k,김원준이 아빠가 되다니ㅜㅜ,0,2024-08-28T01:36:31Z
@user-gk3no5oe8f,김원준 아빠 너무 너무 좋네요!ㅜㅜ,5,2024-08-18T20:38:15Z
@user-qc8zc7wx4r,결혼두번 젊은여자 자랑이 넘치시네요,0,2024-08-17T15:35:35Z
@roar5853,헐 김원준 30후 40중 으로 보임 ㄷㄷ,2,2024-08-16T04:53:35Z
@user-xc6bi6iy3g,신성우씨 달리보임<br>가정을 정말 잘 이끌어 가는게 보임,1,2024-08-14T05:00:27Z
@Lucky-vf9lv,"<a href=""https://www.youtube.com/watch?v=j1mtI3U-o3k&amp;t=27"">00:27</a> 누가 50대라겠냐고. 진짜 젊다 셋 다. 특히 김원준은 30대래도 믿을 정도다.",3,2024-08-12T23:38:13Z
@user-r889,아빠는 꽃중년 너무 재미있어요ㅎㅎㅎ❤,1,2024-08-03T15:16:19Z
@Coco-uv4sm,좋겠다 김원준이 아빠라서 남편이라서 사위라서. 울 원준님 데뷔때부터 탑일때도 늘 팬들에게 너무 친절하셨던 그 따뜻한 모습이 이 가정에서도 빛을 바라네요. 여전히 너무 팬이에요.,11,2024-07-19T11:30:29Z
@user-gl2sh9pn3e,체널a!.아빠는  꽃중년  요즘 이프로에  꽃혀  시간 가는줄 모르고 지냄니다 고맙내요  👌♥️🍀✨️♻️,0,2024-07-08T18:00:46Z
@user-jm2xu6dx9j,잘생긴  신성우  형 멋쬬<br>최고 입니다<br>매력떵어리   서시  등등 마이들었는데,1,2024-06-30T02:55:39Z
@user-ln5cz6wl3j,옷도 바꿔 입고 아휴  안아 주니  내가  눈물나네요.,0,2024-06-18T03:39:37Z
@user-ln5cz6wl3j,태오 좀  안아 주세요`~의젓한게  아니고 계속 눈치  보는게  느껴지지요? 눈물나네요~~,1,2024-06-18T03:36:36Z
@user-ln5cz6wl3j,신성우님이 따뜻하니까 태오도 따뜻한거예요.성우님의 따뜻함이 묻어난거예요.예쁘네요~~~,0,2024-06-18T02:19:03Z
@user-md8lm9cf3l,김원준은 늙도안하네. 세월을혼자만 비켜가시네요....김구라는 왜나왔담??,0,2024-06-05T14:45:44Z
@momokolee1783,어훗  다들 잘 생겼었네,0,2024-05-31T06:06:29Z
@Gimosalamet,꽃할배가 꽃중년으로 역주행😂😂😂,1,2024-05-29T06:09:27Z
@sonakbi9509,이분들 너무 좋다❤❤❤❤❤❤❤❤❤❤❤,0,2024-05-29T00:37:48Z
@7umr647,나이먹으면 눈물이 많아짐 ㅠ,0,2024-05-28T21:24:15Z
@7umr647,안재욱 입담 대단하지.. 신동엽도 넘어섬~,0,2024-05-28T21:23:12Z
@7umr647,이게 진짜 꽃중년 육아 힐링프로지.. 나혼자 식상하고 재미없는 C급연예인들 재미도없다 전현무 박나래 지겹다.. 이프로를 메인으로.. 배울것도 볼것도 생각할것도 많은 좋은 프로그램이다.,0,2024-05-28T21:22:08Z
@user-qg8yu4kx8n,"젖세다 빨간색 약을 발라서  아야아야 아프다고 하고 찌찌라고하면 몇번만그렇게,  하면 <br>떨어지게 됩니딘",0,2024-05-27T14:16:00Z
@Miki-un2vy,김원준 나이가 이제 좀 든거같다 중력을 어떻게 이겨,0,2024-05-27T02:22:13Z
@user-oi3np5xr7v,김원준 딸 엄마 닮았나?,1,2024-05-23T23:35:19Z
@yamssi486,김원준 살빠지고 야윈거같은데 존잘이네  전에 4명이 노래하던때보다 더젊어진듯 스타일도 좋네요 길에서 보면 진짜 귀티장난아닐거같아요,3,2024-05-23T05:03:30Z
@to-hu7rs,❤❤,2,2024-05-22T13:57:25Z
@user-nl8gz2lx1i,김구라가 김원준을 대하는 태도 맘에 안드네요...,2,2024-05-16T01:47:13Z
@bts-bx7dx,"신성우씨 제겐 영원한 테리우스예요,그때 처음 tv로 받을때 긴 머리카락에 멋진 의상입고 노래부르는거 아직 생생해요,안재욱씨는 또 다른 테리우스임에는 확실하죠,늘 멋있는 분들을 아빠로 만나서 더 좋아요",2,2024-05-15T09:24:30Z
@user-yw1zx8gy6n,누가 김원준을 50대로 알까,14,2024-05-15T06:45:56Z
@user-lv8yc1tu1y,김원준씨는<br>정말 안늙네요,9,2024-05-15T02:58:56Z
@살려줘-f9i,슈퍼맨이돌아왔다  다른버전인가보네요,2,2024-05-14T19:35:34Z
@카라-i2i,멤버 모두 반가운 분들이시네요.<br>누구라도 아이들 낳고 키우시는 분들에 대해 온 사회가 다 응원해줘야 합니다.<br>최고십니다♡♡♡♡,1,2024-05-13T04:41:21Z
@메니-m6s,신성우님 아주 보기좋아요 몸생각하세여  아이들너무 이쁘답니다,3,2024-05-13T00:36:28Z
@user-nw7ru8pt2v,안재욱씨 진심 팬이었어요 .<br>그런데 신성우씨 대하는거 보면 좀 실망이네요.<br>사실 육아는 정답이없지만 본인만 완벽하고 다른 분들 나오는 장면에서는 왜그렇게 태클을 거시는건지.,2,2024-05-12T15:36:10Z
@user-bn4wf8ih4m,머리를자르면더젊어 보일텐데,1,2024-05-11T14:34:41Z
@littlespring5883,태오 매력쟁이 화이팅 ❤,2,2024-05-11T13:32:16Z
@대구어르신,이 영상  참 재밌고 쨘하고 내가 좋아 하던 인물들이  출연해  너무 좋아요..모두 건강하세요,4,2024-05-11T11:35:15Z
@user-oo3ou9hy2o,잘생기고 동안이란말 정말안하는데  원준님 진짜 인정  진심인정,3,2024-05-11T05:29:41Z
@user-ft9mh4xs1n,연예인들은 여유가 많으니 저 나이에도 애낳고 육아가 가능하군. 저런 애들이 금수저.<br>일반적인 사람들은 저나이에 자식갖으면 몇배는 더 울 일 천지다,1,2024-05-10T15:34:29Z
@user-me6xz7xc1p,"큰아들좀채기지?등생만챙기구,큰아들 서은한는핓.아빠가처음이니ㅠ",2,2024-05-09T12:42:46Z
@휘리릭-g7e,애기들보는 솜씨가 프로네요,1,2024-05-09T07:39:38Z
@user-hh3ob7xq8s,모두 육아에  달인이네요,1,2024-05-09T07:34:43Z
@user-hh3ob7xq8s,송도로 절친 언니 이사가서 놀러가고 했는데 바다보이는 회시장 마니 가시나요?송도가면 꼭 한번은 만나뵙고 싶다.26년전 원준오빠 콘서트 정동이벤트홀에 처음 간게 엇그제 같아요♡,2,2024-05-09T07:33:01Z
@hn660,김원준 뱀파이어설....,2,2024-05-08T13:48:57Z
@user-oe5kk9ff9h,넘넘 예쁜 아가들 입니다,4,2024-05-07T14:28:13Z
@지니-m4q,울언니가 엄청 좋아했던 김원준님...딸램이는 엄마를 닮았나봐요ㅋㅋ 아빠 얼굴은 1도 없네요ㅎㅎ나이도 있으신데 육아에 진심이시네요~멋짐👍,4,2024-05-07T05:37:57Z
@susonhwa2169,애기는 열정 가득<br>아빠는 병약해 보여,0,2024-05-06T22:23:35Z
@user-uo6dd1tg8m,태오의 매력에 자꾸 빠지네요.<br>태오야--&#39;종이에 베어도 무척 아파...조심하렴...멋진 큰아들이 되어줘...❤❤❤,1,2024-05-06T15:30:04Z
@user-uo6dd1tg8m,아...태오는 ...아직도 아가인데..관심이 더필요하고 만져주고 한입이라도 먹여주세요..,1,2024-05-06T15:23:01Z
@user-gq6lo4lm9k,저도 애가 둘 있는 아빤데 이거 보다가 눈물이 자꾸 나더라구요. 이유는 복합적이라 설명은 안되는데 출연자분들 정말 좋은 아빠들이세요.,1,2024-05-06T09:19:54Z
@kevinkim4977,"딸키우는게,훨씬,수월하다,,나대지도<br>않고,,,남자둘은,정말힘들다,,",1,2024-05-05T22:14:05Z
@Latebloooomer,김원준 빛이난다,37,2024-05-05T12:54:41Z
@user-ye6fu7ri7s,원준삼촌이  조카보는 느낌 ~^^멋진 원준아빠같은분도  계시구낭? 넘멋져요❤,38,2024-05-05T10:29:05Z
@SocialMedia-lz5up,신성우씨 내가 중딩때 영국 밴드 내한공연 갔을때 봤는데 머리도 찰랑찰랑 존잘이셨는데 거의 할배가 되셨네.. 근데 아무리 경제력이 된다해도 아이가 스무살도 안됐는데 아빠가 환갑이면 환장하겄다.. 아이가 중고등학생때 부모님 병간호해야하면 잔인하잖습니,1,2024-05-05T08:18:12Z
@voguecm,재욱오빠 ❤,3,2024-05-05T06:34:06Z
@hjyang2206,김용건 자랑이냐 어휴,2,2024-05-04T13:22:16Z
@DD-oi1ur,변태 그냥 관계로 40살차 동생이면 징그럽다 연예인 아니면 일반할배인척 완전 애책임안지고 숨겨게지 다큰아들도 마약에 콩가루네.엄마가 5살차이도 안난다고 생각해봐  더럽게 토나와,1,2024-05-04T11:40:09Z
@user-vp1zm9pl3h,신성우씨는 둘째 버릇 잘들여야해<br>화장실도 가기 힘들고<br>어렸을때부터 얘들한테 일부담해야해<br>커서도 안하게돼<br>첫째한테 동생 잘보고 있으라고하고<br>욕실갔다오고<br>안하달라할때 계속해줌안돼,1,2024-05-04T09:54:25Z
@user-ro1pn4mo7u,신성우님과ㅠ 아들 태오 <br>마지막영상보고  진심이 느껴져서<br>울었어요😂,3,2024-05-04T08:03:06Z
@user-lw1jx8rs8g,ㅠㅠ진짜 남얘기같지않네요..ㅠㅠ하..진짜 연애&amp;결혼은 젊고이쁘고 반짝반짝할때 많이많이들 해두세요ㅠㅠ<br>다른사람들과 맞춰사는게 평범한게 좋은거더라구요..ㅠㅠ<br>물론 저분들은 늦게해도 돈이라도 많아 가능한거지만..ㅠㅠ<br>102030이고싶어요..ㅠㅠ나 다시 돌아갈래~~~~ㅠㅠ,1,2024-05-04T03:31:54Z
@user-ym5xv2vz3m,애 낳을꺼면 일찍낳아서 키우는게 최고,3,2024-05-03T18:55:11Z
@user-ym5xv2vz3m,침대는 넘 과해요~~~~~,1,2024-05-03T17:19:58Z
@gracekim0191ify,제발 한국 소아과 의사들은 미국 소아과 의사들이<br>어떻게 유아를 달래는지 진료하는지 배우면 좋겠어요<br>장난감도 가지고 놀이하듯 콕콕 찌르고 딸랭이로 시선도<br>분산 시카다가 의사도 머리에 아이들이 좋아하는 만화 캐릭터도 의사가운보다 눈에 띄게 하려고 합니다 짤도 돕니다<br>숏도 있어요 ~!! 제발 배우세요 . 소아과 의사님들 !!!!!!,3,2024-05-03T17:18:51Z
@user-ph5hd6lw5f,태오 너무예뻐요 대견하고 사랑합니다 응원합니다,1,2024-05-03T15:41:43Z
@doi1007,개재밋아,2,2024-05-03T14:06:22Z
@팬-u8n,할배는 임신한분이 폭로하면서 ... 여기 옥의티,1,2024-05-03T11:29:21Z
@mercij6765,내가 좋아하는 가수 신성우<br>그런데 아기가 일어나자 마자 찬 얼음을 주는 것은 건강에 안좋을 것 같습니다. 얼음을 그 작은 이로 깨서 먹는 모습을 보니 내 마음이 조마조마 했습니다. 제가 댓글을 잘 쓰지 않는 편인데 아기에게<br>아침부터 찬얼음을 주는 것은 아닌것 같아서 적어봅니다 어른도 아침에 일어나서 찬물을 마시고 말고 미지근한 물을 마시라고 했는데...,4,2024-05-03T09:06:27Z
@user-zn6cs6fq3u,와 진짜 추억이다... 92년도!!!,2,2024-05-03T07:50:30Z
@user-ej5fb9ix8t,신성우 첫째 혼내는거 보니 억울하고 답답할 것 같네요;; 관심 받고 싶어 그러는건데.. 억울하게 클수도..;;,4,2024-05-03T03:27:57Z
@billyang1614,하차1순위 ㅋㅋㅋㅋㅋㅋ 마지막이 젤 웃기넹 ㅎ,1,2024-05-03T00:46:19Z
@billyang1614,"성우씨 동생있을때 형아 너무 혼내면 커서도 형아가 동생한테 기죽어요 ㅎ<br>경험에 미루어보아 밝은 성우씨 첫째아들 초딩 고학년, 중고등학교 갈수록 점점더 조용해질거에요 ㅠㅠ<br>저도 처음되어본 아빠라 몰랐어요... 아무도 가르쳐주지 않아서....ㅠ",2,2024-05-03T00:27:54Z
@billyang1614,연예계에 염색불가 한번 합시다!!!<br>얼굴 주름이랑 쌔까만 머리랑 너무 어색함😶,1,2024-05-03T00:11:26Z
@user-uy2eu5fs1q,어릴적 원준님 보러 갔다가 압사 당해 죽을뻔한 기억이 나네요~^^ 이렇게 좋은 아빠가 되시다니~예전에도 지금도 넘 멋쪄요~~^^😊,43,2024-05-02T22:29:07Z
@user-yn1vk9uy3z,신성우 아들 빼고 전부 모계 생김새.<br>안재욱 토끼들은 얼굴형과 귀가 안짜이쉬네.,0,2024-05-02T21:10:09Z
@LaughingWolf18,"It&#39;s nice to finally hear that Mr. Shin Sung Woo has finally married and have children. I know him because of that reality show, &quot;Roommates&quot; back in the day. Good for him, he seemed like a good man.",0,2024-05-02T03:50:46Z
@mnm-q9u,여유있는 50대가  아이 한명씩 더 낳아 기르기 장려운동이라도 해야돼 <br>이분들 고맙다. 나혼산 말고 이런 프로 많이하자,1,2024-05-02T02:45:12Z
@nami-ku8hh,아빠가수님아~아침세안 비추야~ 그냥 물세안 웅!~ 가수님!~엄마가 하시겠지만~,0,2024-05-01T19:02:49Z
@선주이-q6u,포동포동 먹방공주 너무 귀여워요🥰,13,2024-05-01T14:28:49Z
@로또꽝,대단하십니다 = 주책바가지,0,2024-05-01T08:32:42Z
@user-nh2wq8uh9r,요즘 환준이 보면서 넘 행복하답니다 아빠아빠~~~~~,2,2024-04-30T15:46:42Z
@user-sr8zi7zm9b,에고 신성우씨 장남이 제사 지내줍니다<br>첫사랑을 잘 살펴보세요,2,2024-04-30T10:51:00Z
@하이-f9b,태오 환준이 ❤❤❤❤❤,2,2024-04-30T10:16:03Z
@user-oi4oo7xi4i,&quot;알지~&quot;는 안되요<br> 지가 어려서 사랑받았다는 기억이없잖아요. 그래도 큰애를 맏이들에게 부담을 강요마세요 사랑해줘야 동생사랑해요,3,2024-04-30T09:57:12Z
@user-jw6nr3kj8n,긍데.저도 사탕 대신이라 생각하고 얼음줫어요~애들 얼음 주면 정말 조용해지고 ㅎㅎㅎ 좋아해요 ㅎㅎ<br>다만 많이주면 배탈날까봐 많이는 안돼용~~^^,0,2024-04-29T05:14:00Z
@user-jw6nr3kj8n,신성우오빵~~~<br>나이드셔도 어쩜 이렇게.매력이.있으시나요~~~♡♡완벽한 남자다.진짜. . 이런사람이.세상에도 있구나. . 젊은 남자보다.난 신상우가 좋다 ❤진짜 드물다ㅜ이런 남자. . 목소리 쩐다 진짜.,1,2024-04-29T04:56:48Z
@sonbongkyu7756,MC가 신동엽이 했어야 하는데  김구라가 뭐냐,2,2024-04-28T11:35:35Z
@noheeya,김원준 그대로야 ~~잘생겼다,29,2024-04-28T00:09:14Z
@arankang,상위 연예인들 육아 프로그램이 더 출산율 내리는 거 같음... 저런 환경 갖춰서 내 아이를 키워야 한다는 미디어 착각을 시키니까,1,2024-04-27T14:35:22Z
@딸기블루베리,태어났는데 아빠가 김원준 신성우<br>❤❤❤❤좋겠다,2,2024-04-27T12:26:48Z
@user-zv4mp1ss3d,김용건 나오는 거 왜 거부감이 들까ㅜㅜ;;,3,2024-04-27T11:31:37Z
@kkhye905,신성우씨도 보면서 충분히 자기 자신 태오 대하는 모습을 보고 느끼는거 같은데요. <br>너무 이래라저래라~누구보다 좋은 아빠네요. 상위 1%안에 드는. 솔직히 저렇게 하는 아빠 몇이나 되나요😅,2,2024-04-27T08:11:18Z
@user-rp9vd4ku8y,넘 멋있어요  다른 모습에 반했어요,0,2024-04-27T07:32:40Z
@user-rp9vd4ku8y,슈퍼맨이 돌아 왔다에좀 나와 주세요 제발😅😅😅,0,2024-04-27T07:31:55Z
@user-vl6jr4bz4k,김용건 선생님<br>응원합니다👍👍👍,0,2024-04-27T07:27:45Z
@user-dw6mf6fu4s,김원준 저어릴때 콘서트가는 가수들 탄 버스에서  엄청 친절하게   잘 돼해줌 엄청 매너 좋음 싸인 받았던  기억,66,2024-04-27T03:53:14Z
@이서진-c3e,신성우씨 아이들 둘다 넘넘 잘생겼고 매력쩐다 ❤❤❤❤❤,2,2024-04-26T23:53:42Z
@user-hc6ti4nr3z,아 태오도 좀 챙겨주지ㅠㅠ<br>왜케 짠하냐,2,2024-04-26T22:31:57Z
@victorystmary,"아유, 예뻐라~아기들이 하나같이 엄마를 닮았나봐요. 세상 아쉽..",1,2024-04-26T22:12:12Z
@브랜드유,끝판대장님 오셨노~~~~,0,2024-04-26T22:06:20Z
@user-hc6ti4nr3z,저 오빠들은 왜 안늙냐~~?? 더 젊어진듯~~,2,2024-04-26T21:20:28Z
@user-ng1tk8kk3v,보면 답답한게 평소 김원준 영상에서 보이던 찐팬들은 착해빠져가지고<br>꽃중년 신성우 영상들에 선플들만 잔뜩 달아놨던데<br>신성우팬들은 꽃중년 김원준영상들에 애기한테도 막말하고 김원준한테도 비방하고 악플 달아놓음 <br>심지어 부계정 계속 파서 악플작업까지 하는듯<br>김원준팬들은 속도 없이 착한건지뭔지 <br>신성우팬들은 예전부터 <br>김원준에 대한 열폭이 지나칠정도로 심해서 <br>김원준 전성기 영상들에 <br>신성우 언급 1도 없는데<br>굳이 굳이 영상들 찾아와서는<br>머글들이 역대급외모다 <br>대한민국 최고미남이다 이런 소리들 적어놓은 댓글들에<br>신성우 언급하면서 <br>깎아내리고 비방하고 했어서 <br>저 팬들때문에 신성우도 <br>호감 뚝떨이었는데<br>여기서도 이런다는 사실이 참,2,2024-04-26T20:58:56Z
@수이-e4g,여전히 꽃미남이시네요 예전이나 지금이나 어쩜 한결같아요 예진이두 넘귀엽고 이쁘네요 특히 뭐든잘먹어줘서 더이쁜듯해요😊,55,2024-04-26T15:07:50Z
@영애이-w3h,신성우님이 아빠로서 아이들에게하는 모습을보고 감동받았습니다. 매운걸 못먹는 아이에게 다그치지않고 할수있다고 차분하고 다정한 목소리로 아이에게 용기를주는 모습도 감동이고 입학식에 아빠가 못가는 이유를 잘 예기하면서 미안하다고 하고 학교가는 연습을 시켜주며 도로 건너는 교육을 하시며 눈시울이 붉어지는 모습이 너무도 다정하고 자상한 아빠의 모습에 너무 감동 받았습니다. 아빠는 꽃중년에 너무 잘 나오신것같아요 예전에 신성우님과는 또다른 새로운모습에 넘 감동받았습니다^^ 앞으로도 응원하겠습니다 🙂,21,2024-04-26T11:03:30Z
@I-aventura,신성우를 누가 이겨.. 직접보면 그냥 왕의 아우라임,4,2024-04-26T10:24:29Z
@mujidang,"부러운 아기들 태어나니 아빠가 신성우, 김원준. 안재욱..후덜덜…..❤❤❤❤",1,2024-04-26T04:50:17Z
@ENTJ-A_sapphire,확실히 모태미남미녀들은 늙지도 않네 글구 구라씨도 이프로를 통해 새롭게 태어날거 같아 기대되네요 ㅋㅋ아무래도 동현이 키울때랑 요즘 애들은 많이 다르죵 학부모 모임이나 유쳔얼집학교행사만 가봐도 확실히 느낌,0,2024-04-26T03:55:32Z
@ENTJ-A_sapphire,원래 잘먹는 애들이 순함 잘자고 ㅋㅋ 커서도 글터라구요 그래서 애들키우면서 어른도 마른사람보고 예민하다는 옛말이 있는게 확 이해가 갔다는..,1,2024-04-26T03:34:08Z
@young.xxmyung2317,원준씨 행복자체네요,25,2024-04-26T03:04:35Z
@Hhhjasssss67348,요즘 결혼을 다들 안하는 추세라서 늦게 결혼하고 아이도 늦게 낳는다,0,2024-04-25T20:10:18Z
@노땅빡상,10년 선배들이 저보다 젊어보이시네용 @@;;,0,2024-04-25T17:33:30Z
@win1001,김원준 보니 소름 돋는다<br>왜 왜 왜 안늙어?<br>여전히 잘 생겼고 젊고 예의 바르고 목소리까지 젊어ㄷㄷㄷ 어쩔겨,82,2024-04-25T14:27:05Z
@jungjung1268,태오.환준이 팬이예요.귀염둥이들  너무귀엽네요,5,2024-04-25T14:07:26Z
@ju-0025,다른분들은 이해 가는데<br>ㄱㅇㄱ이분은😢,1,2024-04-25T13:08:05Z
@user-mb1sq6do8i,태우 넘 의젓하다~<br>마음이 참 깊은 아이네요. <br>미래 장남의 무게로만 보셔서 짠하네요.<br>한창 힘들시기라 애틋한 눈길만 갑니다.<br>태우도 아빠를 보네요..<br>눈 속에 사랑을 그득 담아서 쳐다봐주세요~지금 여기서요.<br>미래는 아직 오지 않았습니다.지금 여기가 바로 미래입니다.<br>저도 첫째로 자라서 ~화이팅합니다.^^,4,2024-04-25T06:28:21Z
@innovationforth2243,신성우 아직도 멋있네 🎉,4,2024-04-25T05:52:05Z
@mslim0315,태오 넘 착하네요!아빠 닮아서 그런가보네요~^^,1,2024-04-25T04:08:00Z
@jennymango4940,출산율 늘릴 마지막 희망일지도..,0,2024-04-24T17:33:04Z
@pianotrio7,첫째가 부모에게 사랑을 많이 받으면 자연스럽게 동생에게도 사랑을 주게 됩니다. 사랑은 내려서 갑니다. <br>억지로 첫째라는 부담을 지울 필요가 있을까요?,2,2024-04-24T16:24:39Z
@박주일-m2d,"월래저때 먹고, 싸고 먹고 싸고ㅋㅋ장이 짧아서~울아들도 1일 3똥입니다",0,2024-04-24T13:39:54Z
@ptalove,저희 언니 부부는 30대 때도 체력이 방전되서 20대 때 낳을걸 생각 했다던데...체력이 좋아도 힘든일이 육아.,1,2024-04-24T04:07:09Z
@Zxxcbbnm,재밋네요<br>응원 합니다,1,2024-04-24T04:03:56Z
@jenniferkim3798,다들 넘넘 자상해요,1,2024-04-24T01:32:11Z
@jenniferkim3798,원준오빠❤❤❤❤왜안늙어요❤❤,27,2024-04-24T01:31:14Z
@coldvoyager9827,김예진 저 아이는 인생 2회차 같은데 ?,0,2024-04-23T11:40:11Z
@user-rf3fk7zr2z,"<a href=""https://www.youtube.com/watch?v=j1mtI3U-o3k&amp;t=6213"">1:43:33</a> 여기 bgm 아시는분...넘조은데 찾을수가없어요😢😢",0,2024-04-23T08:33:36Z
@user-zg3si5wr4j,안재욱 너무 나댐,1,2024-04-23T05:33:59Z
@user-zg3si5wr4j,신성우씨 태오도 아기랍니다<br>둘째보다 큰애를 더 존중해주세요<br>태오갗나중에 성인되면 상처로 남아요,2,2024-04-23T05:09:39Z
@loveur8650,신성우 멋지다 ㅜ 멋진아이아빠 응원합니다♡,2,2024-04-23T03:58:14Z
@Brain_Joy_Jay,안재욱 아이는 안나왔나요? <br>오늘 말하는게 영 별로네요,3,2024-04-23T02:51:07Z
@Brain_Joy_Jay,아이가 너무 의젓하고 착한데....ㅜㅜ,1,2024-04-23T02:42:52Z
@Brain_Joy_Jay,태오가 외로워서 두째를 낳았는데 더 외로워졌네요ㅜㅜ,4,2024-04-23T02:39:56Z
@user-bb3yg8nu4x,아니 꽃중년에 다괸찬은데 김용건은왜나오는거야 그나이에 자식낳고떳떳하게 자식자랑도못하는처지에 창피한줄알아야지~,3,2024-04-23T02:17:27Z
@동그리-f7h,말투만 봐도 평소 육아 어떻게 하시는지 느껴집니다,0,2024-04-23T01:27:16Z
@동그리-f7h,"육아하는 모습에서 제모습이 보여서 동질감도 느끼고, 진짜 힞둘어 감정적으로 힘들었는데 원준님은 넓은 마음으로 아이를 사랑으오 키우시는거 같아요. 그래서 더 해맑게 자란거 같아요. 아빠가, 혹은 엄마가 육아하는데 원준님만큼 짜증 한번 안내고 아이시선에서 잘 해주는 분 드물어요",20,2024-04-23T01:26:48Z
@doi1007,너무 재밌게 잘 봤다 극 현실주의,1,2024-04-23T00:15:05Z
@user-gm5mt7mv5g,태오 너무 착하다 형이 많이 양보하고 배려하네 큰아이한테 좀더 신경써주세요.,4,2024-04-22T18:55:52Z
@user-my6ds5mi8z,김원준 님은 진짜 동안이시네요.😊,8,2024-04-22T16:16:28Z
@user-jw6nr3kj8n,원준님 둘째. . 너무 먹이는거 아니에요?😅잘먹는다고 막주면. . 소아비만되면 뺘기도 힘들고 아이도 힘들어져요. . 위가 늘어나서 나중에도 엄청먹는답니다. .  왠만하면 하루 밥세번에 간식 한번챙겨주세요. .   😢,3,2024-04-22T15:56:10Z
@user-mb5kn3fc5h,성우 오빠 머리 새로 하고 수염 자르면 요새 중년 미모 다 쓸어버릴텐데 진짜 비쥬얼 우수한 분이심,3,2024-04-22T14:20:54Z
@happyi933,김원준 리즈는 역대 아시아 미남 1위,14,2024-04-22T14:01:43Z
@insuncho2233,왜 이러시는지<br>그사랑이 너무커서라는것도 아니깐ㅠㅜ<br>그냥 단순히 사랑하는만큼<br>사랑많이만이 표현해주세요,0,2024-04-22T13:40:15Z
@insuncho2233,태오는. 구지 첫째 장남 이러지않아도<br>사랑가득주고<br>해주세요<br>아직 애기인데<br>무슨 장남ㅡ무슨 첫째ㅠ,4,2024-04-22T13:38:57Z
@junalee886,그 시절 신성우는 전설이었다,3,2024-04-22T12:53:04Z
@user-ft6hr1iw8j,정말 이 프로를 계기로 성우님 태오 더 많이 사랑주세요~이미 사랑스러운 태오 외롭게 하지 마세요..저도 그렇게 치우친 육아를 한것같아 보는 내내 같이 놀아주고싶고 안아주고싶고….휴…너무 안쓰러웠네요..,14,2024-04-22T12:05:54Z
@ozgirl4ever,신성우씨 정말 좋은 아빠! 이거보고 울고 웃고 생각없이 클릭했다가 정신없이 봄,1,2024-04-22T11:58:06Z
@user-mj3ed1kf6b,태오가 의젓하고 착하네요~^^*,9,2024-04-22T11:47:09Z
@sunnyshin8326,신성우 수염밀고 테리우스 머리 가즈아~~~~,0,2024-04-22T11:45:09Z
@user-op6fy1ic3x,보기가넘 조으넹    유 😂❤😅,0,2024-04-22T11:36:32Z
@user-cr4be3qy2e,우리 테오 애잔하다 힘내 테오야!!♡♡,16,2024-04-22T11:20:34Z
@user-ck6qd3kn5s,힘내세요 ㅡ신성우씨,0,2024-04-22T08:38:53Z
@user-ck6qd3kn5s,"신성우씨 ㅡ자상함이 몸에 배었는 착한 사람 으로 보여요 <a href=""https://www.youtube.com/watch?v=j1mtI3U-o3k&amp;t=135"">2:15</a>",0,2024-04-22T08:37:56Z
@user-xe8id5cl3u,김원준님 왠만한 젊은 아빠들보다 애 더 잘보시는듯.. 병원에서 멘붕 안온거 대단하심 외모도 걍 30대시네,110,2024-04-22T06:47:38Z
@limjb1,신성우씨도 육아 잘하시는거임. 심장이 두개라는 박지성도 축구보다 육아가 더 힘들다고 했으니....,1,2024-04-22T06:00:51Z
@ablueshark,예진이 너무너무 귀여워요!!!,1,2024-04-22T05:55:26Z
@lousalome74,"태오보니 저희 아이들 생각나요<br>21개월 터울인데,, 첫째에게 많이 미안해요<br>같은 애긴데 너무 다 큰 아이 취급했던 것 같아요<br>울 큰애도 또래에 비해 애늙은이처럼 어른스러웠는데,, 지금 생각하면 너무너무 맘 아프고 미안해요 ㅠㅠ",13,2024-04-22T05:00:58Z
@박주희-m4m,안재욱 좋아했던 배우인데  반갑고 아직도 멋지네요.,0,2024-04-22T03:54:15Z
@user-qf7bj4gc6r,신성우씨는 자신이 태오에 대한 기대와 사랑이 엄청크다는 것을 알기때문에 둘째에게도 그만큼 해야한다고 생각하다보니 갈등이 생기는것 같다. 저렇게 첫째도 엄청 사랑해주고 둘째에게도 내리 사랑하기가 쉽지 않은데..좋은 아빠라고 생각됨.진짜로!!,5,2024-04-22T03:45:25Z
@user-ws6td3nc3t,김원준은 50넘어도<br>잘생긴걸 떠나서 느낌이 참 상큼하다 소년소녀의 감성이 <br>50넘은 사람에게 날수있다는게 신기하다,1,2024-04-22T00:50:09Z
@user-hg6zl4bi9u,김원준 딸 아빠 안닮았네 전혀... <br>아쉽,3,2024-04-21T21:39:28Z
@user-hh7zq8zh6x,김원준은 옛날 얼굴은 없이 보통 동네 중년 아저씨로 됬네요,0,2024-04-21T21:28:24Z
@mklee100,와아~~ 이 귀여운 생명체는 뭐냐?!!! 넘 귀엽당 예진이❤,22,2024-04-21T16:57:20Z
@sky89885,김원준을 안닮았,2,2024-04-21T15:48:27Z
@user-hc43,신성우씨 큰아들 많이 안아주고 뽀뽀해주고 표현 많이 해주세요 ㅠ.ㅠ 눈물 나오더라구요 사랑은 표현을 해야 됩니다 그래야 아들도 커서 표현하는 남자가 될거에요 너무 멋진 아빠지만,18,2024-04-21T15:31:49Z
@user-zb2qg6kk3s,울면 그냥무시하지 😢😢😢😢와ㅏㅏㅏㅏㅏㅏㅏㅏ,2,2024-04-21T15:17:35Z
@user-xw2fu6rr5p,신성우는 헉 할아버지 느낌  우리남푠 일반인인데  52세인티ㅣ 딸 10살  아직 짱짱한데ㆍㅜㅜ 수염 때문인가??,2,2024-04-21T14:55:35Z
@user-iq3cg1us7w,대박 김원준 멋쨍이 아빠 ❤아가 너무기욥다❤,26,2024-04-21T13:34:40Z
@user-zo4tj2it7j,신성우씨 표정이 눈물난다 😢<br>태오야~~사랑한다. 💓💓💓💓<br>신성우씨도 참잘하네요~심성이 깊네,6,2024-04-21T12:50:33Z
@user-cs8db1hd8w,성우님 가족모두 ❤ 화이팅<br>눈물 찔끔 ㅠ <br>아빠의 다정한 말투처럼 다정하게 더 다가가면 더더 좋을거 같아용♡<br>첫째지만 어린태오 늘 화이팅하자,21,2024-04-21T12:21:30Z
@user-it1vs2po2w,태오편보고   눈물 감동 힐링받음요~~너무 사랑스러워요❤,7,2024-04-21T11:49:11Z
@user-lv8dr7cm5t,시급한문제와  중요한문제를  파악  성우씨 김밥싸먹는  것이  애들  성질머리  않좋아요  중요한문제가  우선순위  입니다,1,2024-04-21T10:57:06Z
@user-hi7eg5rg2q,태오가 어른스럽고 착하네요 테루우스 신성우씨  멋져요.,8,2024-04-21T09:40:18Z
@Wiselife7,태오 보다가 눈물이 났어요. 저의 큰 아이 생각도 나고 혹시 저희 아이도 저랬겠지라는 미안한 마음도 들었네요. 앞으로 큰아이에게 더 많은 사랑을 줍시다.,25,2024-04-21T09:24:08Z
@user-jy7ls6cs4k,신성우님 큰아들이 너무 의젓하고 착하네요!!<br>그래도 아직 어리니 잘 살펴야할듯해요^^<br>너무너무 예쁩니다~~,26,2024-04-21T09:12:01Z
@msy1574,김원준은 나이 먹어도 잘생겼구나...,44,2024-04-21T08:51:20Z
@user-bj8vs6ok8x,예진이 넘 이뻐요💕🙏예쁘고 건강하게 자라렴💋,8,2024-04-21T08:43:54Z
@포세이돈-t5v,태오 너무 착하고 의젓하네 좋은아들  형되겠네,23,2024-04-21T08:30:23Z
@hyunbrown6640,신성우 정말 멋있다<br>애기들도 넘 귀엽고<br>세상에 큰 애기가 어쩜 <br>저렇게 의젖해  애기들 인물도 넘 좋아요...❤❤❤❤❤❤❤❤❤,34,2024-04-21T07:40:28Z
@user-xh4kl6nt3q,신성우씨 넘 반갑고 고마워요 지금도 이렇게 멋지시다니.,6,2024-04-21T04:35:54Z
@rubyhan8934,"애둘키우기 쉽지않죠. 한명신경쓰면 한명놓치는거 같고, 항상 첫째아이에게 덜 신경쓰구 어른이길 강요하고, 이프로그램을 통해 태오한테 미안한 마음 가지신거 보고 저도 덕분에 배우고 갑니다 신성우씨 화이팅!!!!😊",5,2024-04-21T03:02:11Z
@user-wq3sf9kj8m,신성우씨 면도하면 더 젊어 보일거예요 너무 잘생겨서 수염으로 가렸나요?😂,1,2024-04-21T02:50:14Z
@user-jr7vu5cx5p,신성우씨 리즈는 아무도 이길수 없다ㅋㅋㅋ,4,2024-04-21T02:37:20Z
@yamssi486,와 김원준 존잘,61,2024-04-21T02:21:27Z
@user-lg7tg6wc6o,아 눈물났어요<br>태오가 너무 외로워보여요<br>둘째는 혼자노는 습관을 들이시고<br>태오랑 놀아주세요,16,2024-04-21T02:05:01Z
@user-vb2zr3jh2h,신성우씨는 예나 지금이나 진짜 멋지다~~ 유럽남자 이목구비,1,2024-04-21T01:25:21Z
@mjlee9824,김원준딸은 누구닮았..ㅠ,1,2024-04-21T01:22:26Z
@user-lg7tg6wc6o,김원준 너무 짠해요<br>챙겨주는사람도없고,8,2024-04-21T01:14:31Z
@hjh4107,❤❤❤❤❤❤❤❤❤❤아빠화이팅,1,2024-04-21T00:54:42Z
@fire_on_earth,젊을때 꽃미모했던! 꽃중년 아빠들이시네~~~~~,0,2024-04-21T00:48:11Z
@user-rm1wc9lu1j,태오가 너무나도 기특하고 착하네요. 보고 있으니 마음이 아프고 자꾸 슬퍼집니다. 태오에게 더 많은 사랑과 관심이 가길 바랍니다,49,2024-04-21T00:47:12Z
@user-jk1nz9sl2w,신성우씨 태오많이 사랑해주세요 짠하네요<br>큰애가 참 마음이이쁘네요,37,2024-04-21T00:05:24Z
@user-od8fs8re2q,"노란 잠바는 노년인데,  왜 끼워줘? 객기 부려도 끼워주지마.",3,2024-04-20T23:55:04Z
@user-lp3dl7yj9f,"태오...<br>참 착하다<br>신성우님  화이팅하세요,,같은세대의 사람으로써 공감가요<br><br>맞아요..저도 동생이 형을 따르도록 그렇게 키우려고했어요",12,2024-04-20T23:12:45Z
@KJ-ne4br,아들이 사춘기되니 아예 엄마 아빠를 안부르더라구요 ㅜㅜ,0,2024-04-20T22:07:50Z
@MiKa-yg8px,와 김원준 무슨 30대냐고<br>아니 그걸 떠나서 예전 연예인들은 왜이렇게 다 잘생긴거야.,137,2024-04-20T19:52:41Z
@user-gi7lb4yb4l,와..김원준은..진짜 50이넘었다는게 믿기지않네..그리고 신성우님도 60가깝다는게..진짜 외모가 다들 어디안가시네,94,2024-04-20T19:48:46Z
@user-si2si2lz8c,신성우님네 아이들은 환준이는 아빠닮고 태오는 엄마 닮았나봐요 나 닮아서 예쁜 아이들보면 얼마나 좋을까요. 아이들보면 거울에 보이는 앞머리만 물 묻히는거 다들 똑같아요.ㅎㅎㅎ 김원준님은 요리도 진짜 잘하시고 엄마처럼 아이를 잘 돌보네요.,0,2024-04-20T19:20:46Z
@유블리-j3n,신성우씨 육아 잘하시고 계시는겁니다 육아는 고도의 기술이 아닌 따뜻한 사랑입니다<br>충분히 좋은 아빠세요,6,2024-04-20T15:58:56Z
@user-mw5yk2ou1b,태오가 제일이뻐요❤,7,2024-04-20T14:48:03Z
@user-mw5yk2ou1b,신성우님 너무 멋지고 훌륭하신아빠세요 마음이 진심이셔서 눈물이자꾸납니다 건강하셔요❤🎉,4,2024-04-20T14:47:48Z
@녹색정원,김원준이나 신성우는 저 정도면 상당히 육아 잘하는편임..,95,2024-04-20T14:21:58Z
@BBB90173,"김원준은 걍 잘 생긴걸 떠나서, 늙지도 않고 지금 봐도 세련되고 귀티나게 잘생김.",59,2024-04-20T14:20:48Z
@더더글로리,신성우씨는 말투에 인품이 느껴지네요,13,2024-04-20T14:04:15Z
@user-pb8ku5di3h,김원준은 성품이 너무 좋다~ 센서티브해서 애를 너무 잘 보살핀다,131,2024-04-20T13:00:51Z
@user-pn8lg9bk1u,신성우  여전히 멋진남자👍👍👍👍👍,18,2024-04-20T12:57:49Z
@user-hz4wp7jc3r,김구라씨는 늘 반말이네요.에휴~~  친분이있어도 엠씨라는사람이 원준이 김원준이 그러는거 듣기불편해요. 동상이몽에서도 여자게스트 남편이름을 함부로 부르지않나.. 인성은 고쳐지지않나봐요,1,2024-04-20T11:50:45Z
@user-qh7kk4bp2c,신성우님 아이둘육아진짜 힘든데 너무잘하고계신거같아요 아이들이행복해보여요 차분한 말씀이 넘 좋으네여^^,3,2024-04-20T11:25:16Z
@user-ky7cf8or1r,신성우 젊었을때 진짜 멋지네❤,3,2024-04-20T10:53:42Z
@Annabelle269,애국자들이세요. 진짜 존경합니다.,26,2024-04-20T10:41:41Z
@monodrama.,애기옆에 두고 칼질하지 마세요;;;불시에. 덤벼들어요! 예측불가!,5,2024-04-20T09:43:25Z
@user-li6bn9zn2t,꽃미남 테리우스 왕자님 신성우오빠  중딩때 비디오테잎에 노래하시는모습 녹화해서 100번 넘게 봤는데 많이 늙으셔서 속상ㅜㅜ저는 이제 대딩맘이됐네요. 그래도 자상하시구 아이들 한테 잘해주시니 더 멋지세요😊아이들도 넘 순하구 귀엽네요~~^^,9,2024-04-20T09:06:13Z
@user-qd3mi5jw5c,K아빠들 멋쩌요,3,2024-04-20T08:34:01Z
@user-oe5zh4ev5j,김원준 다른패널한테도 스윗하게 말하네,40,2024-04-20T08:08:17Z
@user-oe5zh4ev5j,김원준 뽀뽀를 거절하다못해 포크로 찍어버리네 ㅋㅋㅋ,8,2024-04-20T08:01:16Z
@user-ys5ki9lt2f,우리 아이 4살때 아빠가 얼음 먹여서<br>큰일날뻔했어요<br>목에 걸려서 ㅠㅠㅠ,0,2024-04-20T07:33:36Z
@vov03vov,엄마께서 참 좋아하는 류의 프로그램이에요 본방사수를 못 하는데 풀방송을 볼 수 있어 다행이네요😊,3,2024-04-20T06:40:59Z
@user-tm4cg7xi9x,원준이 오빠는 방부제 미모야 안늙어 안늙어 진짜 뱀파이어야ㅋㅋㅋㅋㅋ잘생겼다😂😂❤,61,2024-04-20T06:28:10Z
@user-mh5nr4tx7i,태오 맘깊은아이네요<br>짠해요ㅠ<br><br>원준오빠.재욱오빠 꺄악입니당^^<br><br>모두 화이팅이에요,8,2024-04-20T05:34:49Z
@안마녀,아이들 하루 세끼먹이고 사이사이 간식 먹어야해요,1,2024-04-20T05:32:36Z
@metime4325,어쩜 ~<br>다들 관리를 잘 하셨네요!,2,2024-04-20T05:31:03Z
@rainyseason5713,태오 넘 기업다  ❤❤❤❤❤,6,2024-04-20T04:56:40Z
@snowysun5932,신성우님 진짜 자상하시다 이미 벌써 좋은 아버지신거같아요 애들이 나중에 커서 이거 보면 감동받고 행복할거같아요❤,62,2024-04-20T04:50:23Z
@dailygrace1039,"원준, 성우씨 아버지 사랑 많이 느끼게 해주셔서 감사해요~ 가정에 행복이 넘치기를~ 늘 응원하고 축복합니다~",34,2024-04-20T04:36:16Z
@kyung815,신성우씨  결혼때 짧은머리 너무 멋지시네요<br>매번 긴머리만 보다 짧은머리도 어쩜 그리 멋지신지. ...ㅎ,2,2024-04-20T04:20:43Z
@오유림-h1o,안재욱님은 안나왔음 좋겠네요.공감도안하고 남잘사는꼴 못보는사람같고..,3,2024-04-20T03:55:08Z
@VioletHJ,신성우 보유국.,3,2024-04-20T03:39:32Z
@eunsilbu5372,좋은프로그램이네요,10,2024-04-20T03:30:31Z
@user-mp3xy1bm4g,언제 키우냐. 애도 기운있어야 키웅,0,2024-04-20T02:52:26Z
@riribiy7119,첫째도 애정을 주는 방법은 칭찬해주기 원생활 어땠는지 친구랑 뭐하고 놀았는지 물어봐 주시고 매일 안아주세요,2,2024-04-20T02:29:17Z
@okii-uk8ul,안재욱씨의 밝음이 아주<br>귀여운 아빠에요~😂,2,2024-04-20T02:11:29Z
@user-dr3sc8di7o,김원준씨는  얼굴도잘생겼는데   육아도  너무 진심으로잘하시네요   보기좋아요~^^,51,2024-04-20T02:09:54Z
@장하은-c6w,성우씨. 수염부터 깍으셔야할듯<br>태오입장에선 할아버지가 혼내는 느낌을 받을것같아유,5,2024-04-20T01:55:33Z
@user-yi6xe4qr5c,늦은나이에 결혼해서. 예쁘고 사랑스러운 아기들. 넘예쁘고 행복해보여서 참좋네요.<br>자식 키우다보면. 힘들때도 있지만  바라보면 행복하고 힘이 나죠<br>자식은 부모에 비타민~~,3,2024-04-20T01:25:43Z
@kbh513210,잘먹고 잘싸서 넘 이쁘고 귀엽다 성격도 매우좋네~김원준씨 힘들어보이네~애기 넘 잘 키우네^^,4,2024-04-20T00:34:50Z
@user-wg2tg7kg7g,아직 어린애 있는데 구슬자석 위험해 보여요 ㅠ 그냥 플라스틱이면 삼키면 응가로 나오지만 자석은 위험해 보이네요 ㅠ 신성우씨 알아서 잘 하시겠지만 자석은 치우셔야 할듯해요 ㅠ 괜한 걱정에 아줌마 오지랖인줄 알면서 댓글 남겨요 ㅠ,5,2024-04-19T18:13:21Z
@user-xj9ng6hu3p,나는 난임<br>40대여자인데 <br>남자50에 인생2회차.<br>슬프다.남자들은 좋겠구나,1,2024-04-19T16:21:31Z
@user-kc4ep4kr8p,울어도 화장실 가야지  뭐 벌벌 떨어,3,2024-04-19T14:32:56Z
@user-ls9jo7hm9s,김원준 참 러블리한 사람<br>50넘어도 기분좋아지는 상큼함이 있어요,13,2024-04-19T13:32:44Z
@gracepark2205,안재욱씨 아 진짜 늙지도 않고 <br>얼굴... 진짜 여전히 너무 잘생기심,3,2024-04-19T12:20:02Z
@user-gd4ci3uv8b,태오도 많이 바라봐주세요❤,20,2024-04-19T12:03:59Z
@user-ng3lc5ck3x,태오보면서 제가 육아했던게 생각나서 반성하면서 보았어요 <br>울 첫째 태오 너무 예의바르고 순둥순둥 <br>안아주고 싶네요 ♡<br>멤버모두 반갑고 좋아하는 분들이라 이프로 잘될것 같아요 ~~~~~!!!!!,15,2024-04-19T11:29:31Z
@user-ng1tk8kk3v,김원준 ❤️ 넘 사랑스러워,7,2024-04-19T09:27:42Z
@user-eu1cx1vb7r,ㅁㅊ 아니 아 예예 김원준 아 ㅁㅊ,2,2024-04-19T07:50:07Z
@user-pi6vt7fo6u,에진이  너무귀엽다요~~~❤❤❤<br>신성우씨 큰아들 너무착해요 ❤❤❤,14,2024-04-19T07:23:32Z
@user-dl7rf6fg7z,김원준 대박이다 그대로야,59,2024-04-19T06:24:54Z
@user-mb7eu8gb9c,원준 오빠 옛날 노래 부르는 모습 나오는데 중학교때 생각나서 넘 뭉클하네요 옛날이나 몇년전 제주도에서 공연하셨을때 잠깐 인사나눴을때나 지금이나 그대로세요❤️밝은 예진이도 넘 넘 귀여워요😘 육아 베테랑 원준오빠 최고👍👍👍,93,2024-04-19T06:19:53Z
@user-dn9hn1hn3v,10대부터 좋아했던 원준오라버니 육아하는 모습 보니 더 반갑습니다 😊,68,2024-04-19T05:52:30Z
@user-kw9cf9xi7b,김원준 여전히 잘생기고 소년같은 매력     🤗,8,2024-04-19T05:43:47Z
@maristella1516,각자의 육아방식으로 최선을 다하시는게 너무 보기 좋네요.,59,2024-04-19T05:30:16Z
@user-ni3gx1bx7k,구본승 김원준 와 시작부터 그 시절미모 너무 잘생겼다 둘다 ㅠㅠ두상부터 예쁘네,39,2024-04-19T05:18:12Z
@t-shirt1750,김원준 스윗하다,3,2024-04-19T05:03:41Z
@oneshotsury,신성우님~이프로를 통해 다정한아빠에서 성숙한아빠로..아이들과 함께 성장하실것같아요! 아이들을 바라보는 눈빛에서 찐사랑이 느껴집니다!❤,82,2024-04-19T04:49:13Z
@user-tj4kq6se9y,김원준 진짜 잘생겼다!,85,2024-04-19T04:40:06Z
@user-wm3qp5hf4s,모든 시선이 사랑 가득한 눈으로 환준이에게 너무 가있어요.. 태오 안쓰러워서 눈물 났네요.. 아직 너무 어린데 왜 굳이 장남의 무게를 벌써 주나요. 편애하지 말고 사랑과 관심 스킨십을 태오에게도 주세요 ㅠ 태오 딴에는 환준이랑 놀아준다고 한건데 넘 매정하게 혼내는것 같아 마음 아팠어요.  신성우님 응원 할께요,54,2024-04-19T04:21:44Z
@user-vd8cf7nd5u,능력있는 남자들이다,29,2024-04-19T04:14:47Z
@hjyjs1156,지금은 셋다 도낀개낀이지만 ㅎㅎ        신성우가 Top이었지,6,2024-04-19T04:07:54Z
@user-vy1od3pw7x,신성우 팬인데 피부과 가셔서<br>관리좀 받으시면 좋겠네요<br>일반인들도 관리받는 시대에..ㅠ,2,2024-04-19T03:57:49Z
@user-df7pp8mw3i,중년의 아빠라<br>체력관리 열심히 하셔야 겠어요,1,2024-04-19T03:56:06Z
@구의동킬러,음주운전은스펙입니다~~~~안재욱.ㅋㅋㅋㅋㅋㅋㅋㅋㅋㅋㅋㅋ,2,2024-04-19T03:49:50Z
@user-bs7yj2ks8d,김원준실화냐 50이넘엇어 ㄷㄷㄷ 얼굴이 그대로냐,152,2024-04-19T03:38:45Z
@오아시스같은날,저는제 둘째보는것같아요.....,1,2024-04-19T03:33:31Z
@madameh.1328,아빠가 김원준인데 뽀뽀 백번하지❤,100,2024-04-19T03:18:26Z
@ninakim7066,신성우님을 비롯!! 멋진 오빠님들의 <br>찐리얼 현실생활❤ 보기 좋아요~~☺️,3,2024-04-19T03:18:10Z
@user-wh2dq1rk5j,얼음 먹음 치아 다 상해요,4,2024-04-19T03:15:32Z
@오아시스같은날,식탁에서 칼들고 있으니 계속불안해요 ㅠㅠ<br>아가가 식탁위에 앉아있기에 ㅠㅠㅠㅠ,4,2024-04-19T03:14:12Z
@jessica-ds1th,신성우씨 큰아들 짠해서 저는 울었네요‥둘째 태어나기 전엔 태오랑 하루종을 놀아주셨는데‥우리큰애랑 같은 경우라‥,22,2024-04-19T02:55:00Z
@miaepark4742,성우님 태오를 많이 안아주시면 좋겠어요 ^^<br>마음의 허전함이 치유가 될거예요❤,19,2024-04-19T02:51:26Z
@gootiuy5618,아이를 키우며 자신의 어린시절 상처도 치유할수 있다고 오박사님이 말씀하셨죠..육아는 정말 위대한거에요,15,2024-04-19T02:45:39Z
@fjemdbfj,김원준씨 너무 말라서 어디<br>아픈줄. 진짜 안되보였어여,5,2024-04-19T02:38:51Z
@user-sm7nc8yz5w,저도 50에 22년생 딸 낳았어요.<br>사회생활 조금씩 줄이고 아이와 많이 시간 보네려고 노력 중입니다.<br>너무 공감되는 프로그램 입니다~^^<br>50세 아빠들 화이팅!!!^^,53,2024-04-19T02:31:57Z
@user-ov4bm9gh1v,김용건 꼴보기싫어 ~<br>안본다,1,2024-04-19T02:30:47Z
@khy6704,김용건씨 ㅎ 넘잼나요 ㅋㅋㅋ,5,2024-04-19T02:29:21Z
@kyhessjp1925,이 세분 너무 멋있게 나이들었다... 사랑해요~~,150,2024-04-19T02:22:00Z
@gootiuy5618,"아니..소아과병원 접종할때 누가 저렇게 대놓고하냐. 아이 다른곳에 집중시키고 몰래 빨리 끝내야지,  아이가 너무 고생이네ㅜㅜ",2,2024-04-19T02:19:54Z
@WWH_JIN-KIB_HUENINGKAI,"I wish the show had sub, even without understanding what they were talking about, my heart hurt and I cried seeing the older brother&#39;s expressions, the younger one knows that crying gets what he wants and the oldest just wants a little attention from dad, I&#39;m glad that in the end they had a moment together and that dad told him that he loves him",7,2024-04-19T01:57:29Z
@miaepark4742,폼클렌징세수는 눈ㆍ코 입을 빼고 주변에만 몽글몽글 해주시면 좋아요~~<br><br>아이가 숨쉬다가 코로 거품이 들어가서 숨쉬기가 어렵고. 안좋아요 아직어려서 기름이 많지않기때문에 굳이 그렇게 할 필요없어요~~,8,2024-04-19T01:49:53Z
@user-nx5vb4ei1i,와. 찐 김원준님 안 늙는다.,59,2024-04-19T01:38:08Z
@user-ru4ch7en4d,신성우 아빠 돋보기도 쓰지만 귀도 잘 안들리는듯 두번씩 물어보네. 그래도 요리도 잘하고 정리도 잘하고 육아짱이네,1,2024-04-19T01:30:45Z
@eunan3762,저렇게 사회자가 없나 김구라 땜에 안본다,4,2024-04-19T01:28:48Z
@신영순-q2m,성우씨~태오한테 더관심을 줘야 할것같아요<br>맘이 너무 짠하네요<br>태오도 아직은 애긴데요~<br>나이는 숫자란말 있잖아요<br>서우씨는 오래오래 좋은 아빠로 남을. 거니깐~~<br>그런 미래를 미리 걱정하지말아요 태오는 큰인물이 될겁니다<br>그런 아빠의 아들인데 뭘 걱정하십니까,20,2024-04-19T01:26:20Z
@HjJ-uj7op,왜 화장실이 이층에????,1,2024-04-19T01:11:06Z
@HjJ-uj7op,김용건은 수치스러운거지...프로그램에 나오기 적절하지않다..,7,2024-04-19T01:01:53Z
@user-jn5qw7mn3t,안재욱님은 신성우님을 별로 안좋아하시나?ㅋㅋㅋㅋ,5,2024-04-19T00:57:49Z
@user-hd2kc4kx9z,김원준은 살만 쬐끔 찌우면 예전처럼 귀티날거같고 안재욱은 진짜 예전모습 그대로네요<br>전부 자상한 아빠들이예요 보기좋음,20,2024-04-19T00:56:58Z
@user-iz4es2wo1d,태오가 ❤너무 사랑 스럽네요~,45,2024-04-19T00:52:39Z
@user-fk4he4ud7y,신성우씨 아들들 잘생깃네😍<br>아빠여 너무 큰애를 강하게 키우네ㅋㅋㅋㅋㅋㅋ 비누벅벅은 아직은 힘드랴요~큰애 짠함 ㅜㅜ너무 그르지마요 감정을 읽어줘요~성인이아니고 아이잖아요ㅠ큰애라는 이유로ㅠ속상해라😢😢😢큰아이들이 자기속을 말하지않는이유가 아빠가 너무 무섭고 나무랄하니까 말을못한거예요ㅠ기좀 살려주게요 그래도 작은아이보다는 큰아이가 먼저예요😢큰아이감정을 먼저 알아주고 생각해주면 저절로 동생을 큰아이가 잘 챙겨주게되요~자꾸 둘째한테만 안아주고 예뻐해주니까 큰애가 질투하고 속상해하는듯요ㅠ너무 감정적으로  성인처럼 다루지는 말게요~안쓰럽습니다.<br>부모라는게 다 처음이다보니 육아하는게 서툴긴하죠ㅜㅜ신성우씨도 아빠가 처음이라 서툴어서 우리가 자라온것처럼 아이에게 그대로 교육을 하는듯싶어요ㅠㅠ힘내세요❤,14,2024-04-19T00:44:55Z
@user-ys6rw7pm8h,나이들어 낳으면 더 귀엽고 예쁘고 귀하고 그럴거예요. 부부사이도 더 좋고요. 문제는 체력이죠. 그래도 젊게는 살거 같아요. 원준씨는  넘 부드러운 아빠 다정한 아빠 최고의 아빠네요. 성우씨는 이제부터 첫째를 더 사랑해 주시길...둘째만 끼고 있으니 큰 애가 외로워 보이고 아빠 사랑을 갈구 하는게 보이네요. 훈육이라지만 무서운 아빠는  애들이 슬슬 피하고 불편해해요. 사랑한다 속삭여주고 많이 안아주세요.  그저 사랑으로 키우면 밝고 긍정적인 어른이 된담니다. 저도 두 애 키우던 기억이 나면서 딸애 서운하게 했던 점...아들 위주로 생활 했던 점 반성하고 많이 울었네요.,32,2024-04-19T00:33:02Z
@user-dt3dh8bk1p,저랑 같은 연배들이신데..<br>아이들 키우던때가 생각나네요~~<br>힘들었지만 그😊때가 그립네요~~,4,2024-04-19T00:31:50Z
@user-jn5qw7mn3t,김원준 아직도 진짜 잘생기셨네요; 근데 두딸이 아빠를 안닮..?ㅜㅜㅜㅜ,43,2024-04-19T00:28:58Z
@user-mn5xt3ih2d,김원준 - 쓰는 대화들이 가볍고 상대방이 오해할수 있다<br>안재욱 - 센스가 있다 선을 지키면서 말을 아낀다<br>신성우 - 교수타이틀이 부담된다<br>김용건 - 상대 행동과 이야기를 공감해준다,3,2024-04-19T00:28:08Z
@user-ov3rw4wg4h,김용건은 왜 나온겨? 실제 결혼생활 하는것도 아니고 꽃중년도 아니고 노년이지 사회적 정서와는 전혀 안맞는 인물,4,2024-04-19T00:25:00Z
@user-yu8zd4yz6c,신성우씨<br>콧수염털은 깔끔히  하시는게 더좋을듯해요ㅋ<br>멋지기는커녕 할배같아요ㅠ,14,2024-04-19T00:21:34Z
@myetoilemika7463,"김원준씨는 워낙 동안이시라 또래 학부모분들과 크게 차이 나지 않는듯요.^^ 저 고1때 SBS  공개방송에서 신성우씨, 김원준씨, 신승훈씨,이승환님 등등을 보러갔던 기억이 나네요. 신성우씨는 성동일씨를 한번 만나보시는 것도 좋으실 것 같아요.😊",39,2024-04-19T00:20:40Z
@miaepark4742,꽃중년 3오빠 축복합니다❤,3,2024-04-19T00:15:13Z
@miaepark4742,오랫만에 모두 뵈니까 너무 재밌고 신나네요😂,5,2024-04-19T00:07:49Z
@prudent167,아니 애기들이 왤케 귀엽게 이쁘게 생겼냐 ㅋㅋ,3,2024-04-19T00:04:25Z
@VioletHJ,환준이는  연예인해야겠네요. 아빠의 고급진 잘생김을 물려받았네요. 태오 너무 착하고 이쁜데 기가 죽어있어 가슴아파요.,30,2024-04-18T23:44:35Z
@Angelj-angelj,참 그러네 첫째의 슬픔을 알겠네,5,2024-04-18T23:43:46Z
@zearth5084,동생이랑 아빠 보는 태오 눈빛에 눈물이 날뻔 했어요ㅠㅠㅠ,27,2024-04-18T23:41:17Z
@user-jn5qw7mn3t,아직 결혼안한 4-50대 남자연옌들ㅋㅋㅋ 6-70에 애 낳을랑갘ㅋㅋㅋㅋ김종국같은?ㅋㅋㅋ꺌꺌ㅋㅋ,1,2024-04-18T23:36:14Z
@user-bd9vg2zw9b,애기가 너무 칭얼댄다!!,4,2024-04-18T23:35:38Z
@user-dt3dh8bk1p,ㅋㅋㅋ 김원준씨 아기 너무 귀엽네요~우와 세번.ㅋ😊😊😊😊😊  중고등때 책받침 오빠~~😊😊😊,46,2024-04-18T23:22:31Z
@jonari1,헉 김구라씨 재혼했어요?,1,2024-04-18T23:01:31Z
@toggle-crew0__0,신성우오빠 내가 너무 좋아했었는데~~~~~ 쫄바지 입고 내일을향해 부르던 넘나 잘생긴사람 ❤,46,2024-04-18T22:43:12Z
@Minjeong-Ko,태오 참 선하고 멋지다 !,37,2024-04-18T22:38:46Z
@박혜원-j3k,"애들이 어쩜 다, 아빠를 하나도 안닮았네..신기하다",7,2024-04-18T22:29:02Z
@user-oz3ur9tn3h,네 분 다 애국자시네용ㅎ,8,2024-04-18T21:48:19Z
@user-cm8qu7js5x,와 이오빠들이 한자리에 있다니 애기들궁금했는데 예쁘다~~~,4,2024-04-18T21:35:18Z
@user-oz3ur9tn3h,안재욱님도 여전히 잘생기셨네용ㅎ,3,2024-04-18T21:30:29Z
@Minjeong-Ko,김용건 선생님 ! 괜찮고요 반갑습니다,1,2024-04-18T21:00:34Z
@user-kq2tp5fw8xb9v,태오 너무 짠하다,18,2024-04-18T20:42:27Z
@arumhan3553,김용건씨 멘탈 대단하네요.<br>출연섭외과정에서 시청자의 정서도 반영되면 좋겠습니다.,18,2024-04-18T20:30:59Z
@user-ig5bh5mz8k,아진짜너무좋은프로그램입니다~^^ 잼있고감동도있고~~~오랫동안지속되는프로그램이되면좋겠네요~^^ <br>김용건김구라신성우안재욱~^^김원준홧팅!!!!!!!!,4,2024-04-18T19:58:21Z
@user-nl7pz3tf4m,성우씨 마음이해가요.나두 42살에 엄마가 되서 많이 힘들었어요.근데 애들은 애다워야 해요 .아빠 맘이 애 한테 그대로 전해져서 애 어른이 되요.이제 딸이 18살 됐는데  후회되요.아이가 느끼지말아야 해요.아빠가 늙었다는거 ..그냥 자연스럽게 대하세요.. 잘 커요 너무 걱정 마세요.,32,2024-04-18T19:45:02Z
@user-sr7uq2ds5g,태오 순둥순둥 착하네,56,2024-04-18T19:10:15Z
@engrybird9163,성우님 태오 안쓰러워요 칭찬해주시고 눈맞춰주시고 태오를 믿어주세요 너무 둘째만 예뻐하는게 보여요 힘드시겠지만 태오도 같이 봐주세요 세수할때 울면 왜 우냐고 할께 아니라 미안해 라고 하고 다음엔 살살해주세요 영특한 아이 소심해 지겠어요,75,2024-04-18T17:46:26Z
@2dragonash,태오 너무 의젓하고 이쁨 잘키웠어요 사랑스럽게~~,46,2024-04-18T17:28:42Z
@user-go8ms1eb6t,주인님 😂,1,2024-04-18T16:28:03Z
@Spongemom,김용건이 여기 왜 ???<br>피디가 제정신인건가,5,2024-04-18T16:22:13Z
@user-go8ms1eb6t,예진이 뽀뽀해주는 모습 너무 사랑스럽고 귀요미❤,16,2024-04-18T16:16:56Z
@user-pk4vg8kx3j,신성우님 너무 멋지시네요 <br>거기다 요리실력까지! 든든한 가장의 모습이 보여요,64,2024-04-18T16:04:58Z
@user-fp2vk1wy7c,태오가 어른스럽네요~~ 애들 둘다 이쁘게 생겼어요~~❤,53,2024-04-18T15:51:18Z
@sjcjx9883,감자전까지해서먹일정도면..완전부럽다 김원준 부인..,57,2024-04-18T15:34:10Z
@mong-o2O2,당대 최고 꽃미남들이었는뎁,6,2024-04-18T15:23:48Z
@leekelly6511,김구라 아저씨는 애들을 다 하트 뿅뿅 눈빛으로 보시네,1,2024-04-18T15:15:30Z
@user-bp1jw4ou4i,김원준은 아직도 잘생기고 안늙었어<br>미쳤나봐,205,2024-04-18T14:56:40Z
@user-oe5hu6pm7y,와 신성우 아저찌 젊었을때 미모 와ㅏㅏㅏㅏ,23,2024-04-18T14:51:47Z
@김예정-f6h,배우신성우는  자꾸  옛 시절 을  자꾸  이야기하는지 . .지금은  육아가  다를지요  <br>첫째나  둘째나   똑같이,10,2024-04-18T14:13:33Z
@user-os3po5jy1k,아기는 사랑이야 진짜 아기가 주는 행복은 최고임.,17,2024-04-18T13:55:28Z
@user-mi7dk1xq7i,김구라 빼고는 다 좋아~,3,2024-04-18T12:47:30Z
@user-ed5tg2tk4s,손주볼 나이에 ㅠㅠ,3,2024-04-18T11:59:13Z
@user-fi2mj7co9z,슈돌이랑 달랐으면 좋겠네,3,2024-04-18T11:53:57Z
@runssongsam,ㅋㅋㅋ우리 오빠들이 아빠들이 됐는데 내딸보다 13살어리네 ㅎㅎㅎㅎㅎ힘내세요..웃프다,5,2024-04-18T11:48:29Z
@user-su8rh1jq4h,서글프다.나의 젊은 날의 우상들이던 분들.그래도 너무 보기 좋아요.저두 이제 곧 50이상하네요,10,2024-04-18T11:47:32Z
@user-rp3tm7cj5s,신성우는 몇살인데 저렇게 팍 삭앗다냐?,4,2024-04-18T11:45:47Z
@Miinqazwsx,김원준딸은 외탁했군요.,0,2024-04-18T11:39:42Z
@user-vk3pq1jj2o,얼마나  이쁠까..눈에서 꿀이 떨어지네😊,10,2024-04-18T11:29:43Z
@user-nc9um2ww3y,축하합니다,1,2024-04-18T11:25:45Z
@미니미-l6h,50대에 한두살차이는 엄청난거.<br>신성우는 곧 60인데 당연 늙었지.<br>애보느라 진짜 진빠지겠네,5,2024-04-18T11:12:35Z
@user-kg5zo4oe6k,아니 왜 원준오빠는 안늙었어요?? 나만 늙었어 ㅜㅜㅜㅜ,25,2024-04-18T11:00:10Z
@bada3792,왠일이야~~ 김원준 30대같아  왜 그대로야? 안늙어!  방부재 뿌림? ㅋㅋㅋ😆😆😆😆,51,2024-04-18T10:57:10Z
@귀여운고양이채널,원준오빠 그대로네<br>아빠아니고 삼촌같아요❤❤,27,2024-04-18T10:47:29Z
@user-ey8pk1uc9y,신성우는 할아버지가 손자 보는 듯..이래서 모든게 때가 있다는 말이 맞음.,20,2024-04-18T10:35:46Z
@user-rc5md3zi8o,저나이에  체력은 안되지만 사랑은 많이 줄듯ᆢ<br><br>솔직히 저나이또래 남자들  아이들 저만할때 회사끝나면 친구랑 술마시기 바쁘고  육아는 아예 관심없고 한창  철없고 50넘어서야 조금씩 후회하기 시작하지만  이미 가족들은 마음이 떠나지 ᆢ,22,2024-04-18T10:25:25Z
@진실김-p4k,아이보다<br>딱5분더버티기ㅋㅋ,3,2024-04-18T10:03:04Z
@sunyoungkim4636,힘들어도 행복이죠. 힘내세요,5,2024-04-18T09:46:27Z
@user-hk8uq8ko4x,신성우씨수염때문에나이더많아보여요,2,2024-04-18T09:41:35Z
@sallyshin9765,어머 예진이  뽀뽀  너무 예뻐 ❤,5,2024-04-18T09:37:36Z
@user-sx9fz3vk4l,역시   신성우   유전자의 힘 👍,31,2024-04-18T09:37:08Z
@user-lo6gh6zm4w,신선한데요~50대 육아<br>남자라 50이여도 가능하네요,8,2024-04-18T09:25:49Z
@user-zo4yf5ot8t,남자로서 최고의인생 아닌가 돈도많고 젊을때 즐길대로즐기고 중년에 제2의 행복으로 말년도보장받고,13,2024-04-18T09:17:34Z
@문은미-z4o,"<a href=""https://www.youtube.com/watch?v=j1mtI3U-o3k"">0:00</a>",1,2024-04-18T09:12:57Z
@문은미-z4o,원준씨 딸 넘 귀엽고 사랑스럽네요.<br>건강하게 잘 크렴.,164,2024-04-18T09:12:40Z
@ksh736,와 잠깐 봤는데 벌써 힐링되네요,6,2024-04-18T09:07:04Z
@user-jt9qm9cv3o,진짜김원준은인간방부제ㆍ,17,2024-04-18T09:04:47Z
@sesesen5415,3살만되도 애들 체력이 어마무시.. 아빠가 젊어야한다는걸 ㅠㅠ,7,2024-04-18T09:02:47Z
@about3227,나도 50..힘들어 죽겠는데..<br>이뻐 죽겠다~<br>만약 30대 초반이였음..이런 사랑 못줄듯..,19,2024-04-18T08:56:57Z
@yh9077,애들이 다 엄마닮았나보네요~~ㅎㅎ,49,2024-04-18T08:51:42Z
@user-ym8oe5hd3l,이혼 이야기말고 이런 이야기많이 했으면 좋겠네요^^,53,2024-04-18T08:35:21Z
@user-cu2qv5ho8k,김은준 은제나......은제나 영원할 수 음써~~,2,2024-04-18T08:29:35Z
@user-td1ij3fi7m,아구 힘들것다. ㅋ<br>청춘~을~돌리다오🎉~<br>늦게나마 다행이시네요.<br>애국반열에 동참하셨네요.ㅋ,5,2024-04-18T08:25:53Z
@user-dt7db2ef1l,ㆍ그러게 뭐하러ㆍ,0,2024-04-18T08:22:18Z
@user-yu8zd4yz6c,"👏 👏 👏 <br>와우,,, 응원합니다!!!!",9,2024-04-18T08:22:04Z
@user-vx1ho3lg8p,신성우님  아기키우는요  수염좀 깍으시죠  별로 보기안좋아요,9,2024-04-18T08:07:54Z
@user-wd7je7le9s,신성우님. 둘째 낳으셨나봅니다.,6,2024-04-18T08:06:56Z
@user-yy5lj4iv1g,신성우 사진 사고 했어는데<br>내나이 50십다되어 가는데<br> 울 신랑 애 하나 더 낳아 달라길래 있는 없는 욕을 해버림   애들 셋이구만,5,2024-04-18T08:06:45Z
@너를들려줘,이쁘다,1,2024-04-18T08:03:43Z
@lenaArty,40대중반 4살 늦둥이키우고 있는데 50 에 진짜힘드시겠어요 ㅎㅎ그래도 넘넘 좋아보이는건????   40  50  되면 애도 다크고 부부사이도 대면대면해진다는데 일케 육아전담하시면 피곤하긴해도 행복하고 보람될 수 밖에 없는 거 같아요,9,2024-04-18T07:52:34Z
@eunheekim8595,늦둥이 있으신 분들은<br>더~~ 젊게 사시던데요~~^^<br>제가 아는 분들은 그렇더라구요.^^<br>👏👏👏👏,33,2024-04-18T07:47:59Z
@ga3chae119,놀랍다 아이들이 다 모계쪽얼굴인가보다,82,2024-04-18T07:47:01Z
@N912LND,육아 지치죠 ㅠㅠㅠㅠ 그래도 여전히 멋져요!!!!,6,2024-04-18T07:38:39Z
@user-de4sl7pn3h,어른들이 결혼 서두른 이유가 있네요 힘들어도 자녀가 있어 보기 좋습니다,14,2024-04-18T07:36:30Z
@romieeeu7794,"진짜 다들 대단 하시네요 ㅠㅠ 그럼에도 정말 행복해 보입니다 ^^ 아이들이 웃어주거나 안아줄때나 잘때, 그리고 애교부리며 뽀뽀 해줄때면 힘든게 보상이 되더라고요 ㅎㅎ",21,2024-04-18T07:34:12Z
@greenmango07,신성우씨 90년도에 테리우스라<br>불릴 정도로 최고였는데..!!<br>너무 관리 안한듯요 ㅠ,9,2024-04-18T07:33:58Z
@user-gl8bq7dl8p,나이먹으니 최민수랑 비슷하네,4,2024-04-18T07:33:45Z
@user-rx9rh5xh2u,내 청춘시절 나의 스타님들 보기 좋네요😂🎉🎉<br>내 딸들은 20대인데<br>다들 어떻게 된 겁니까?^^,3,2024-04-18T07:31:51Z
@user-rx9rh5xh2u,내 청춘시절 나의 스타님들 보기 좋네요😂🎉🎉<br>내 딸들은 20대인데<br>다들 어떻게 된 겁니까?^^,51,2024-04-18T07:31:51Z
@user-mf5kb9wi8n,아이는 젊어서 낳아야지 나이들어서 낳으면 힘이 딸려 모든게 힘들다,7,2024-04-18T07:30:30Z
@user-be3sd7vq8w,아니 김원준오빠는 아직도 잘생겼어~~~,412,2024-04-18T07:29:43Z
@sunny-zg3ce,몸은 힘들지만 아이들웃음에 엔돌핀 돌면서 다시 젊어지는 기분?ㅎ😊,25,2024-04-18T07:28:57Z
@hojummajulia,너무 재밌을거 같다. 내가 좋아하던 오빠들이 이제 꼬맹이의 아빠들이 됐다니. ㅋㅋㅋ 울아들은 고등학생인데. ㅋㅋㅋ,82,2024-04-18T07:27:43Z
@sangheepark4909,30대 육아도 유격훈련과 같은데 신성우님 진심 대단하세요. 이 시간이 언제가나 싶은데 또 그 힘들었던 시간이 휘리릭 가더라고요. 큰아이 고1이 되어 뒷바라지 학원 라이딩으로 어릴때 보다 더 바쁘지만 꼬물꼬물 했던 그 시절이 그립기도 합니다. 힘내세요!!!,31,2024-04-18T07:26:50Z
@user-pb4ob8zk1f,남성 갱년기 남성호르몬 주사 맞고 나면 <br>역동 70세 회춘 합니다. 젊음 관리는 영양 운동 돈으로 합니다.,1,2024-04-18T07:24:48Z
@LOL-yf3ng,안재욱님 요리도 수준급 이시네요  <br>신성우 안재욱 김원준님 화이팅!! <br>응원합니다,66,2024-04-18T07:24:48Z
@gloriaoh580,김원준은 안 늙는다😮,135,2024-04-18T07:22:52Z
@이달의초록,김원준 안늙음,30,2024-04-18T07:21:20Z
@user-fg3uv3fo2q,신성우 아빠 마니 노쇄하신듯요!<br>그래도 아빠의 이름으로!<br>화이팅입니다,18,2024-04-18T07:21:16Z
@user-et8jd2qx8d,이래서 결혼은 좀 빨리해야😂,22,2024-04-18T07:19:27Z
@user-de8vk3ve3n,넘늦등이다ㅠ,4,2024-04-18T07:17:42Z
@user-ir1we8pv6p,그러게 일찍들 장가 가셨으면<br>애들이 다 성장 했을텐데 지금이라도 아빠 들 되셨으니 축하드려요늦동이 들을 두셔서 아마도 청춘이지 않을까요? 화이팅예요,48,2024-04-18T07:15:49Z
@user-cc7ct5vz4m,힘들지만 비타민같은<br>아이들이 있어서 행복하다는걸 느끼겠네요ㆍ,83,2024-04-18T07:14:01Z
@snoopys1647,힘드시겠지만 지금이라도 아이를 낳으신것은 축복입니다.<br>요즘같은 저출산 시기에 좋은 일이지요~<br>화이팅 😊입니다~~~,84,2024-04-18T07:13:45Z
@seongirum,헐 😮 신성우  파사삭 늙어부럿,27,2024-04-18T07:12:06Z
@user-cf4tm4of9l,와~~40대도 힘든데 50대면  얼마나 더 힘들까요~~,84,2024-04-18T07:10:58Z
@user-uw8uj5xz5h,성인되믄 늙은 할아버지다ㅋ,11,2024-04-18T07:07:18Z
@user-zh4bh1bd7t,대다나다,7,2024-04-18T07:01:34Z
